Company,Sector,Stage,Amount,Location,About,Funding Year
Thecollegefever,Brand Marketing,Early Stage,250000.0,Bengaluru,TheCollegeFever is a hub for fun fiesta and frolic of Colleges,2018
Happy Cow Dairy,Agriculture,Early Stage,584000.0,Mumbai,A startup which aggregates milk from dairy farmers in rural Maharashtra,2018
Myloancare,Credit,Mid Stage,949000.0,Gurugram,Leading Online Loans Marketplace in India,2018
Payme India,Financial Services,Other Stages,2000000.0,Noida,PayMe India is an innovative FinTech organization which offers short term financial suport to corporate employees,2018
Eunimart,E-Commerce Platforms,Early Stage,1300000.0,Hyderabad,Eunimart is a one stop solution for merchants to create a difference by selling globally,2018
Hasura,Cloud Infrastructure,Early Stage,1600000.0,Bengaluru,Hasura is a platform that allows developers to build deploy and host cloudnative applications quickly,2018
Tripshelf,Internet,Early Stage,233600.0,Kalkaji,Tripshelf is an online market place for holiday packages,2018
Hyperdata.Io,Market Research,Other Stages,730000.0,Hyderabad,Hyperdata combines advanced machine learning with human intelligence,2018
Freightwalla,Information Services,Early Stage,1300000.0,Mumbai,Freightwalla is an international forwarder thats helps you manage supply chain by providing online tools including instant quotations,2018
Microchip Payments,Mobile Payments,Early Stage,1300000.0,Bengaluru,Microchip payments is a mobilebased payment application and pointofsale device,2018
Bizcrum Infotech Pvt. Ltd.,B2B,Early Stage,1300000.0,New Delhi,Building Transactionary B2B Marketplaces,2018
Flock,Apps,Early Stage,1300000.0,India,Flock is a realtime messaging and collaboration app for teams that speeds up and simplifies communication and boosts productivity,2018
Freshboxx,Food Delivery,Early Stage,1300000.0,Hubli,Freshboxx is incubated at Sandbox Startups a unit of the Deshpande Foundation,2018
Wide Mobility Mechatronics,Industrial Automation,Early Stage,1300000.0,Bengaluru,Wide Mobility Mechatronics is a Private Company limited by Shares,2018
Pitstop,Automotive,Early Stage,1460000.0,Bengaluru,Pitstop offers general repair and maintenance services for cars through its doorstep service vehicles,2018
Mihuru,Finance,Early Stage,150000.0,Mumbai,Mihuru is an online platform which gives micro loans for air travel ,2018
Fyle,Accounting,Early Stage,1100000.0,Bengaluru,Fyle is an intelligent expense management platform for enterprises,2018
Appwharf,Artificial Intelligence,Early Stage,1300000.0,New Delhi,Appwharf is an intelligent assistant that helps find you the bestfit SaaS for your business,2018
Antariksh Waste Ventures Pvt Ltd,Internet Of Things,Early Stage,7300.0,Chennai,Waste Management for Smart Cities,2018
Cogoport,Air Transportation,Mid Stage,6000000.0,Mumbai,Cogoport is a platform that provides freight buying industry with spot rates and bidding process for freight buyers,2018
Sleepy Owl Coffee,Food And Beverage,Early Stage,511000.0,New Delhi,Makers of a signature coffee thats exceptional in taste Its super easy to brew requires no equipment  ships to your door,2018
Bluejack,Autonomous Vehicles,Early Stage,934400.0,New Delhi,Delhibased online used vehicles marketplace,2018
Pregbuddy,Enterprise Software,Early Stage,1300000.0,Bengaluru,PregBuddy is a smart connected care platform for expecting mothers,2018
Pando,Logistics,Early Stage,2000000.0,Chennai,A startup which digitizes logistics operations for Fortune 500 companies,2018
Ideal Insurance Brokers/ 121Policy.Com,Insurance,Early Stage,1000000.0,Kolkata,Ideal Insurance Broking is one of the leaders in insurance broking domain,2018
Mojro Technologies,Information Technology,Early Stage,650000.0,Bengaluru,Mojro envisions to be the worlds largest technologyenabled logistics platform,2018
Elemential,Blockchain,Early Stage,1000000.0,Mumbai,Blockchain Development Platform To Design Run  Scale Blockchain Networks,2018
Kriger Campus,Education,Early Stage,438000.0,New Delhi,A Education Start Up,2018
Pipa+Bella,E-Commerce,Mid Stage,1000000.0,Mumbai,PipaBella is an online store aimed at selling fashionable and affordable costume jewelry at par with international standards and trends,2018
Chakr Innovation,Renewable Energy,Early Stage,1300000.0,New Delhi,Chakr has developed the worlds first retrofit emission control device for diesel generators,2018
Indigolearn,E-Learning,Early Stage,150000.0,Hyderabad,Indias the premier education destination catering to the needs of aspiring students of the CA community,2018
Uclean,Clean Energy,Early Stage,584000.0,India,UClean is a tech enabled laundry service provider,2018
Pooltoo,Transportation,Early Stage,1300000.0,New Delhi,Pooltoo offers a premium ride sharing platform,2018
Fitternity,Fitness,Early Stage,2000000.0,Mumbai,Indias largest online fitness platform that provides an integrated ecosystem to help users start  sustain their fitness journey,2018
Tolet For Students,Hospitality,Early Stage,73000.0,Jodhpur,Reserve your Room Hostel or Paying Guest while relocating for higher education,2018
Dainik Jagran,Media And Entertainment,Early Stage,584000.0,Kanpur,Dainik Jagran is a media and communications group,2018
Playtoome,Broadcasting,Early Stage,292000.0,Bengaluru,Playtoome is a live entertainment destination,2018
Notesgen,Edtech,Early Stage,182500.0,New Delhi,A Global PeertoPeer and PeertoGroup Learning Platform that helps students supplement their academic  competitive exam prep,2018
Arogya Medtech,Health Care,Early Stage,219000.0,Kolkata,Arogya MedTech is a Research  Development organization in BioMedical industry,2018
Missmalini Entertainment,,Early Stage,1518400.0,Mumbai,MissMalini Entertainment is a multiplatform new media network dedicated to Entertaining Connecting  Empowering young Indians,2018
Rooter,Sports,Early Stage,657000.0,India,Rooter is a mobilebased platform,2018
Zestmoney,Big Data,Mid Stage,13400000.0,Bengaluru,Zest is Indias first completely automated consumer digital lending platform,2018
Alphaics Corporation,Cloud Computing,Early Stage,1300000.0,Bengaluru,Advancing AI compute,2018
Sattviko,Food Processing,Other Stages,1300000.0,New Delhi,Sattviko fosters wellness and shares Indianness through the Sattvik way of cooking that is wholesome and tasty,2018
Sensibull,Trading Platform,Early Stage,365000.0,Bengaluru,Investment Management Platform,2018
Bombay Shaving Company,Consumer Goods,Mid Stage,1300000.0,New Delhi,Bombay Shaving Company is a Mens grooming startup,2018
Medcords,Wellness,Early Stage,385440.0,Pune,Medcords is Indias first holistic healthcare ecosystem on a cloud platform that makes health management easier,2018
Enakshi,Fashion,Early Stage,116800.0,Ahmedabad,Enakshi is an online apparel brand for women,2018
Inthree Access,Consulting,Mid Stage,4000000.0,Chennai,Inthree Access is an impact venture that connects the most inaccessible rural markets with products that can transform lives in Rural India,2018
Bugworks Research India,Biotechnology,Mid Stage,9000000.0,Bengaluru,BUGWORKS is a drug discovery company,2018
India Accelerator,Communities,Other Stages,1300000.0,Gurugram,India Accelerator runs mentorshipdriven incubation and acceleration programs for start ups,2018
Happyemi,Consumer,Early Stage,1000000.0,Bengaluru,HappyEMI is a point of sale digital lending platform that helps consumers finance their purchases instore and online,2018
Wishup,Consumer Applications,Early Stage,1300000.0,Azadpur,Premium Personal Assistance service,2018
Hansel.Io,Mobile,Mid Stage,4000000.0,Bengaluru,Hansel a mobile app management platform provides the infrastructure that companies need in order to personalize product experiences,2018
Pivotroots,Advertising,Mid Stage,1300000.0,Mumbai,Digital Marketing powered by Data  Technology fueled by Design thinking,2018
Ziffyhomes,Marketplace,Early Stage,120000.0,New Delhi,ZiffyHomes is a technology driven marketplace to find out home on rent,2018
Asteria Aerospace,Aerospace,Other Stages,1300000.0,Bengaluru,Asteria Aerospace is a robotics and artificial intelligence company,2018
Design Cafe,Home Decor,Mid Stage,29200000.0,Bengaluru,Design  Execution Organization that delivers beautiful  innovative designs for Home Interiors in any budget,2018
Next Digital Solutions,Digital Marketing,Other Stages,1460.0,Kota,Next Digital Solutions is website design  Digital Marketing development company,2018
Impact Guru,Creative Agency,Mid Stage,2000000.0,Mumbai,Were a Harvard incubated crowdfunding platform for nonprofits social enterprises startups and individuals,2018
Mobikwik,Consumer Lending,Late Stage,3504000.0,Gurugram,MobiKwik is a payments backed fintech platform in India MobiKwik App offers instant loans  investment products to the 500M masses of India,2018
Adiuvo Diagnostics,Health Diagnostics,Early Stage,1300000.0,Chennai,Adiuvo Diagnostics is a medical diagnostic device company based in India,2018
Satin Creditcare Network Limited (Scnl),Banking,Other Stages,30000000.0,New Delhi,Satin is a nonbanking finance company providing individual loans to urban shopkeepers,2018
Dee Dee Labs,Embedded Systems,Early Stage,1300000.0,Pune,Dee Dee Labs is design and development lab with a primary focus on the development of next generation of bionic prostheses,2018
Housejoy,Beauty,Mid Stage,3240000.0,Bengaluru,Housejoy is a webbased platform that allows individuals to browse and book service providers for their homes,2018
Ninjacart,Agtech,Mid Stage,36500000.0,Bengaluru,Ninjacart is a B2B agrimarketing platform that connects vegetables and fruits farmers directly with businesses,2018
Olly Smart Credit Card,Credit Cards,Early Stage,1300000.0,New Delhi,Olly is a digital credit card for Indias working masses and young people,2018
Zestl,Software,Early Stage,1300000.0,Pune,NoCode Workflow Automation Build enterprise applications in days with AI Cognitive Automation Collaboration and more built in,2018
Drstore,Hospital,Early Stage,1300000.0,Mumbai,Drstore is a exclusive e commerce platform,2018
Chizel,3D Printing,Early Stage,1300000.0,Pune,Chizel is a worlds most advanced cloud platform for ondemand manufacturing in 3D Printing and CNC Machining,2018
Halaplay Technologies,Digital Entertainment,Mid Stage,5000000.0,Bengaluru,A daily fantasy sports platform,2018
Forum For Innovation Incubation Research And Entrepreneurship,Funding Platform,Other Stages,1496500.0,Margão,FiiRE a technology business incubator helps the startup process to move from the garage to the lab,2018
Quikr,Classifieds,Other Stages,8030000.0,Bengaluru,Quikr is a free classifieds and online marketplace that helps users sell buy rent or discover anything across India,2018
Buildsupply,Enterprise Resource Planning (Erp),Mid Stage,3650000.0,Gurugram,Indias most advanced ERP system for the real estate,2018
Guiddoo World,Audio,Early Stage,800000.0,Mumbai,We build InDestination Experiences,2018
Civilcops,Government,Other Stages,100000.0,Gurugram,GovTech,2018
Artbandhu,Digital Media,Other Stages,15000.0,Bengaluru,Ai platform for Art and Creative Community,2018
Survaider,Business Intelligence,Early Stage,500000.0,Bengaluru,Stethoscope for customer feedback ,2018
Avishkaar Box,Children,Early Stage,730000.0,New Delhi,Avishkaar Box is just not another box full of material rather it is a well researched thought through solution,2018
Fastfox,Rental,Mid Stage,1460000.0,Gurugram,FastFox Market Network for Home Rentals India,2018
Fincash.Com,Wealth Management,Early Stage,150000.0,Mumbai,A startup in the personal finance space in India ,2018
Petsutra,Veterinary,Early Stage,138700.0,Gurugram,Gurugrambased Online petcare platform,2018
Backpacker Panda Holidays Private Limited,Tourism,Mid Stage,1400000.0,Pune,Backpacker Panda is creating an ecosystem for youth accommodation and travel,2018
Sectorqube,Consumer Electronics,Early Stage,1300000.0,Ernakulam,SectorQube develops smart kitchen devices that make food automatically,2018
Silversparro Technologies Pvt. Ltd,Analytics,Early Stage,300000.0,Gurugram,Silversparro is a deep learning technology solution provider,2018
Creator’S Gurukul,Facilities Support Services,Other Stages,1300000.0,Gurugram,A coworking space provider,2018
Ekincare,Medical,Mid Stage,1500000.0,Hyderabad,EKincare empowers you to take charge of your health by enabling you to monitor critical medical info and make it available anywhere,2018
Streo,Music Streaming,Early Stage,1300000.0,Gurugram,Live stream music from nightclubs bars  festivals,2018
Ontrack Technologies Pvt. Ltd,Retail,Early Stage,1300000.0,Bengaluru,Ontrack provides affordable independent transport to those dependent on cabs and autos for commute by renting bikes on a monthly basis,2018
Awign Enterprises,Business Development,Early Stage,730000.0,Bengaluru,Operations and manpower outsourcing startup,2018
Workflexi,Human Resources,Early Stage,146000.0,Bengaluru,Be Smart Work on ContractBe Smart Hire on Contract,2018
Hippo Video,Customer Service,Early Stage,1300000.0,Chennai,A video recording and sharing software,2018
Simulanis,Training,Early Stage,500000.0,New Delhi,A Delhibased Augmented Reality and Virtual Reality technology development company,2018
True Elements,Dietary Supplements,Early Stage,730000.0,Pune,True elements offers a range of highquality snacks and supplements that are inspired by natural foods consumed by our ancestors,2018
Myhq,Collaboration,Mid Stage,500000.0,New Delhi,myHQ turns your everyday coffee space into a perfect work zone Get an amazing work environment without paying any rent,2018
Log 9 Materials,Nanotechnology,Early Stage,438000.0,Uttar Pradesh,Log 9 Materials is a nanomaterials manufacturing and RnD startup,2018
Vebbler,File Sharing,Early Stage,1300000.0,Bengaluru,A personal network for close people,2018
Wishberry,Crowdfunding,Mid Stage,1460000.0,Mumbai,Wishberry is a rewardsbased crowdfunding platform that enables users to raise funds for their creative and innovative ideas,2018
Biryani By Kilo,Catering,Early Stage,1000000.0,Noida,BBK delivers both authentic taste of Hyderabadi and Lucknowi Biryani prepared in individual earthen Handis with the freshest ingredients,2018
Fixpocket,Computer,Early Stage,250000.0,Ahmedabad,Fixpocket is a internetbased startup,2018
Edureka!,Android,Mid Stage,2000000.0,Bengaluru,Edureka is the fastest growing online learning platform that offers live instructorled courses for professionals from various industries,2018
Wow Express,Delivery,Mid Stage,4500000.0,Mumbai,WOW as customers react to his studiously taught trained polite and courteous nature,2018
Zunroof,Environmental Consulting,Other Stages,242360.0,Gurugram,ZunRoof is a rooftop focused solar startup,2018
Indiqube,Commercial Real Estate,Mid Stage,15000000.0,Bengaluru,IndiQube is a provider of coworking spaces based in Bengaluru,2018
Hey Deedee,Delivery Service,Early Stage,481800.0,Mumbai,Hey Deedee is a Mumbaibased company that provides solutions to parcel delivery problems,2018
Sports Flashes Pvt. Ltd,Basketball,Early Stage,1000000.0,New Delhi,Sports Flashes operates a sports content app that provides sports news live scores fantasy gaming expert views trivia and more,2018
Helloverify,Fraud Detection,Early Stage,1300000.0,Noida,HelloVerify is an online background check platform,2018
Coingeto,Cryptocurrency,Early Stage,1752000.0,New Delhi,CoinGeto is one of Indias most advanced digital assets exchange,2018
Wedeterna,Wedding,Other Stages,1300000.0,Bengaluru,Wedeterna is a newage personalised and fresh approach to arranged marriages DIY matrimonial community with only self created profiles,2018
1Crowd,Crowdsourcing,Other Stages,3500000.0,Mumbai,Equity crowd funding platform focused on connecting investors with a host of extremely promising Indian startups and early stage ventures,2018
Gramophone,Farming,Early Stage,1000000.0,Indore,An agricultural inputs startup Company,2018
Ora,Business Travel,Early Stage,1300000.0,Kolkata,Ora is an online marketplace of unique accommodations Awarded as among top 3000 startups in India by IIM Kolkata,2018
Buddy4Study.Com,Career Planning,Mid Stage,3000000.0,Noida,Buddy4Study is the best scholarship search engine for Indian students It also helps organizations to set up their own scholarship schemes,2018
Predible Health,Medical Device,Early Stage,1300000.0,Bengaluru,Healthcare devices for cancer detection,2018
Syncremedies Healthcare Pvt Ltd,Alternative Medicine,Early Stage,1300000.0,Bengaluru,Syncremedies is an Integrated Medicine service that brings together Allopathy Ayurveda and Homeopathy to treat chronic ailments,2018
Healwell24,Dental,Early Stage,200000.0,Mumbai,HealWell24 is Indias emerging technologyempowered healthcare company aiming to bring worldclass quality healthcare services anywhere,2018
Bonphul Air Products,Cleantech,Other Stages,292000.0,New Delhi,A clean tech product Company,2018
Rocketium,Marketing,Early Stage,292000.0,Bengaluru,Easy video creation for social media,2018
Career Anna,Commercial,Early Stage,584000.0,Bengaluru,Indias Go to Career Commerce Portal,2018
Eruditus Executive Education,Continuing Education,Mid Stage,40000000.0,Mumbai,Eruditus promoted by Alumni of INSEAD and other top business schools delivers high quality executive education programmes,2018
Gaia Smart Cities,Smart Cities,Early Stage,1300000.0,Mumbai,Gaia Smart Cities is an early leader in the rapidlyemerging Internet of Things IoT marketplace,2018
Sportido,Social Media,Early Stage,1300000.0,Noida,Sportido is a sports discovery app that helps you find people and places to play 700 sports around you,2018
Stelis Biopharma,Biopharma,Mid Stage,100000000.0,Bengaluru,Stelis Biopharma is a vertically integrated biopharmaceutical company,2018
Cloudnine Hospitals,Child Care,Other Stages,1300000.0,Bengaluru,Cloudnine is an Indian chain of women and child care hospitals,2018
Royal Sundaram General Insurance Co. Limited,Health Insurance,Other Stages,210000000.0,Kalpakkam,Royal Sundaram provides comprehensive insurance plans and innovative insurance solutions to individuals families and businesses,2018
Mobile Premier League (Mpl),Gaming,Mid Stage,5000000.0,Bengaluru,Mobile Premier LeagueMPL is a skill based ESports platform where you can play your favourite mobile games and win real cash always,2018
Bhaskarguru,Search Engine,Early Stage,1000000.0,Bhopal,Bhaskargurucom is your local search Engine,2018
Gugu,Battery,Early Stage,250000.0,Coimbatore,Gugu designs  Sells all Electric Connected Twowheelers with Network of Open  Free Fast charging Stations across India,2018
Em Personal Care,Cosmetics,Early Stage,1300000.0,Worli,Em Personal Care is a Cosmetic products manufacturing Company,2018
Gamingmonk,Esports,Mid Stage,584000.0,New Delhi,GamingMonk is an eSports gaming company based out of New Delhi India,2018
Guruq,Reading Apps,Early Stage,365000.0,New Delhi,A one of its kind digital integrated platform connecting tutors and students,2018
Cellerite Systems,Electric Vehicle,Early Stage,1300000.0,Hyderabad,Cellerite Systems is a charging solutions provider for electric vehicles,2018
Manjushree Technopack,Packaging Services,Other Stages,1300000.0,Bengaluru,Manjushree Technopack is a Rigid plastics packaging convertor in India and South Asia,2018
Vogo Rentals,Last Mile Transportation,Other Stages,1168000.0,Kormangala,Vogo is a dockless scooter rental company in India which lets customers rent scooters for short one way trips,2018
Livquik,Fintech,Other Stages,2700000.0,Mumbai,LivQuik was incorporated with the vision to simplify payments for merchants and consumers in an increasingly digital world,2018
9Stacks,Online Games,Mid Stage,4088000.0,New Delhi,Online gaming startup,2018
Yourownroom,Online Portals,Early Stage,750000.0,Bengaluru,Good quality strategically located homes closer to work for millennials,2018
Knocksense,News,Early Stage,1300000.0,Lucknow,Knocksense is a fast growing lifestyle website,2018
Parkwheels,Industrial,Early Stage,175200.0,Haryana,Parkwheels aims at solving the big bad  unsexy parking problems of India,2018
Gogaga,Dating,Other Stages,40000.0,Bengaluru,GoGaga is a new age dating app that has removed the mindless swiping on strangers and connects users through their network and find matches,2018
Dream11,Fantasy Sports,Late Stage,100000000.0,Mumbai,Dream11 is Indias Biggest Sports Game with 30 million users playing Fantasy Cricket Football Kabaddi and NBA,2018
Bombay Shaving,Ecommerce,Early Stage,6300000.0,Gurugram,Provides a range of male grooming products,2019
Homelane,Interior Design,Late Stage,30000000.0,Chennai,Provides interior designing solutions,2019
Nu Genes,Agritech,Early Stage,6000000.0,Telangana,It is a seed company engaged in production processing and marketing of seeds,2019
Flytbase,Technology,Early Stage,0.0,Pune,A drone automation platform,2019
Finly,Saas,Early Stage,0.0,Bengaluru,It builds software products that makes work simpler pleasant and productive,2019
Quantiphi,Ai & Tech,Mid Stage,20000000.0,Marlborough,It is an AI and big data services company providing business solutions,2019
Jobsquare,Hr Tech,Early Stage,140500.0,Ahmedabad,Technologybased platform that is connecting suitable applicants to the right recruiters,2019
Open Secret,Food Tech,Mid Stage,0.0,Mumbai,It produces and sells top quality snacks,2019
Azah Personal Care Pvt. Ltd.,Health,Other Stages,0.0,Gurugram,Aims to solve some problems in the feminine hygiene sector,2019
Pristyn Care,Healthcare,Mid Stage,12000000.0,Gurugram,Delivers advanced medical care  clinical excellence aided by nextlevel technology,2019
Medlife,Pharmaceutical,Mid Stage,15500000.0,Bengaluru,It solves inadequacies in the healthcare delivery system through technology,2019
Toffee Insurance,Insurance Technology,Mid Stage,5500000.0,Haryana,Provides variety of insurance plans and policies,2019
Fireflies .Ai,Ai,Early Stage,5000000.0,San Francisco,Developer of an artificial intelligencepowered assistant for businesses,2019
Hungerbox,Foodtech,Mid Stage,12000000.0,Bengaluru,Offers B2B tech platform to corporates aimed at improving the operations of their cafeterias,2019
Licious,Food,Late Stage,30000000.0,Bengaluru,Online meat shop,2019
Pumpkart,E-Marketplace,Early Stage,0.0,Chandigarh,B2B model for appliances and electrical products,2019
Vmate,Short Video Platform,Mid Stage,100000000.0,Gurugram,A short video platform,2019
Awign Enterprises,Workforce Solutions,Mid Stage,4000000.0,Bengaluru,It supplies workforce to the economy,2019
Tapchief,Online Consulting,Other Stages,1500000.0,Bengaluru,It connects individuals in need of advice in a specific domain to individuals who have expertise in the same,2019
Ejohri,Jewellery,Other Stages,1000000.0,Mumbai,Omnichannel marketplace for gems and jewellery,2019
Ninjacart,B2B Supply Chain,Mid Stage,0.0,Bengaluru,It connects producers of food directly to retailers restuarants and service providers,2019
Wishadish,Food & Tech,Mid Stage,6000000.0,New Delhi,Provides management solution for restaurants,2019
Lawyered,Legal Tech,Early Stage,100000.0,New Delhi,It helps to connect to legal advise online,2019
Nivesh.Com,Mutual Funds,Early Stage,600000.0,Noida,The platform simplifies the process of investment,2019
Zebu,Cybersecurity,Early Stage,4000000.0,London,Platform uses encryption technology to allow businesses to safely store files invoices and schedules,2019
Cardekho,Automobile,Late Stage,70000000.0,Jaipur,Enables people to buy and sell newold cars,2019
Indyfint,Virtual Banking,Mid Stage,2100000.0,Bengaluru,It helps lenders to directly provide shortterm loans to merchants employees and students,2019
Froogal,Marketing & Customer Loyalty,Other Stages,1000000.0,Hyderabad,A cloud based Customer Loyalty  Engagement Platform,2019
Infra.Market,Infratech,Mid Stage,20000000.0,Mumbai,It connects client requirements to their supply chain infrastructure for ease of ordering tracking and manufacturing,2019
Gomechanic,Automobile & Technology,Mid Stage,5000000.0,New Delhi,Find automobile repair and maintenance service providers,2019
PadCare Labs,Hygiene Management,Early Stage,36382.05,Pune,Converting bio-hazardous waste to harmless waste,2020
NCOME,Escrow,Early Stage,4850.94,New Delhi,Escrow-as-a-service platform,2020
Metvy,Networking Platform,Other Stages,36382.05,Gurugram,AI driven networking platform for individuals and organisations which aims to provided a seamless end to end networking experience.,2020
Slurrp Farm,Food & Bevarages,Mid Stage,24254.7,Gurugram,Slurrp Farm is a children health food brand.,2020
MasterG,Fashion Startup,Mid Stage,36382.05,New Delhi,MasterG is a design and skill development organisation.,2020
FoodyBuddy,Food Industry,Other Stages,7276.41,Belgaum,FoodyBuddy is a online food delivery portal,2020
OurEye.ai,Virtual Auditing Startup,Mid Stage,1455.28,Bengaluru,"Video intelligence solution for Enterprise Standard Operating Procedures Monitoring and Quality Control, leveraging CCTV infrastructure.",2020
Awign Enterprises,Work Fulfillment,Mid Stage,6063.67,Bengaluru,Operations and manpower outsourcing startup,2020
Glance,Ai Startup,Early Stage,1758465.52,Bengaluru,Glance is a screen zero platform that consumers use across connected devices to experience the Internet.,2020
VerSe Innovation,Telecommunication,Early Stage,1212734.84,Bengaluru,Owner of Dailyhunt App and I-Pay,2020
Callify.ai,Tech Startup,Early Stage,6791.32,Mumbai,Callify.ai is a Voice-Based Candidate Screening & Engagement platform for Talent Acquisition teams.,2020
Sreyas Holistic Remedies,Medtech,Early Stage,12127.35,Hyderabad,Sreyas Holistic Remedies operates a chain of dermatologist clinics under the brand name of Oliva,2020
Fleeca India,Tyre Management,Early Stage,36382.05,Jaipur,FLEECA is a Tyre Care Provider company.,2020
Exotel,Cloud Company,Mid Stage,60636.74,Bengaluru,Exotel provides cloud telephony services such as virtual phone numbers and telephony applications for small and medium enterprises in India.,2020
PagarBook,Software Company,Mid Stage,181910.23,Bengaluru,"Staff's Salary, Work & Attendance Management Application",2020
PointOne Capital,Venture Capitalist,Other Stages,36382.05,Bengaluru,Pre-seed/Seed focussed VC investor,2020
Ayana,Renewable Player,Mid Stage,4729665.88,Bengaluru,Ayana Renewable Power is an Indian renewable energy platform,2020
Infinite Uptime,Iot Startup,Mid Stage,61849.48,Pune,The industrial Internet platform that harnesses the power of big data & predictive analytics for data-driven decision making.,2020
HappyLocate,Saas Startup,Other Stages,6063.67,Bengaluru,"HappyLocate is India's first One Stop Relocation Platform, transforming the way Employee Relocations are managed",2020
The ePlane,Aero Company,Early Stage,36382.05,Chennai,Transforming the mobility landscape using aerial transport.,2020
TagMango,Marketing Company,Early Stage,8489.14,Mumbai,"TagMango is a marketing and advertising app that helps influencer, and brands to partner with individuals.",2020
The New Shop,Retail Startup,Early Stage,6063.67,New Delhi,The New Shop is a chain of high speed retail stores,2020
BHIVE Investech,Co-Working Startup,Early Stage,12127.35,Bengaluru,BHIVE is Bangalore's (India) largest Coworking space that allows entrepreneurs to take their ideas to the next level.,2020
ZipLoan,Finance Company,Mid Stage,36382.05,New Delhi,ZipLoan is a online lending platform,2020
Artivatic.ai,Tech Company,Mid Stage,36382.05,Bengaluru,"Artivatic's patent pending technology solves complex problems in Insurance for On-boarding, Fraud, Risk Profiling, Underwriting & claims.",2020
Prescinto,Solar Monitoring Company,Early Stage,36382.05,Ahmedabad,Prescinto provides solutions for solar monitoring and analytics solutions.,2020
Bolo Indya,Video Sharing Platform,Early Stage,4850.94,Gurugram,"Bolo Indya is a short video & commerce platform. It allows users to create, watch and share videos & discover and avail services.",2020
Bombay Play,Gaming Startup,Early Stage,12127.35,Bengaluru,Bombay Play is a Card and Toy Company Making games for India.,2020
KIKO TV,Video Streaming Platform,Early Stage,36382.05,Mumbai,KIKO TV is an AI-based short live video e-commerce platform.,2020
Atomberg Technologies,Consumer Appliances,Mid Stage,109146.14,Mumbai,"Atomberg Technology aspires to be the ""Tesla"" of the world of household appliances",2020
Ethereum Push Notification Service,Blockchain Startup,Early Stage,9095.51,Mumbai,EPNS is a decentralized notification protocol,2020
Mihup,Conversational Ai Platform,Mid Stage,18191.02,Kolkata,Intelligence-based personal mobile assistant app,2020
Infra.Market,Real Estate,Mid Stage,242546.97,Thane,Hella Infra Market develops an online procurement marketplace intended to serve the real estate and construction materials industry.,2020
Let's Dive,Saas Platform,Early Stage,20616.49,Bengaluru,A platform for remote employee engagement and building team culture,2020
Signzy,Ai Platform,Early Stage,36382.05,Bengaluru,Signzy are creating 'building blocks for a Digital Trust system.,2020
Raskik,Fusion Beverages,Other Stages,12127.35,Gurugram,All new fusion-flavour fruit juices with the goodness of coconut and taste of India's finest fruits.,2020
Pravasirojgar,Job Portal,Other Stages,400202.5,Mumbai,Initiative for blue-collar job workers,2020
Country Delight,Dairy Startup,Mid Stage,303183.71,Haryana,Country Delight produces and distributes milk intended to provide good quality and unadulterated milk at doorstep.,2020
Quintype,Content Management,Mid Stage,42445.72,Bengaluru,"A technology company that focus on building a suite of digital publishing solutions to simplify content creation, distribution, audience engagement",2020
Astrogate Labs,Spacetech,Mid Stage,36382.05,Bengaluru,Astrogate Labs provides high-quality products related to space infrastructure.,2020
Shipsy,Ai Company,Mid Stage,72764.09,Gurugram,Shipsy's platform enables data driven decision making enhancing visibility and operational efficiency for Supply Chain industry,2020
LightSpeedAI,Photonics Startup,Other Stages,36382.05,Bengaluru,Developer of an optoelectronic processor designed to accelerate AI computations.,2020
STAGE,Entertainment,Other Stages,12127.35,Indore,STAGE is an Indian language content platform for artist-led entertainment.,2020
Kaagaz Scanner,Scanning App,Other Stages,6973.23,Gurugram,Kaagaz Scanner is the Indian replacement to banned Cam Scanner App.,2020
Prolixr,Skincare Startup,Early Stage,36382.05,Gurugram,A premium skincare brand committed towards building innovative skin care wellness.,2020
Country Delight,Food And Beverages,Mid Stage,303183.71,Haryana,Country Delight produces and distributes milk intended to provide good quality and unadulterated milk at doorstep.,2020
Krimanshi,Biotechnology Company,Early Stage,7276.41,Jodhpur,Krimanshi aims to increase rural income by improving the productivity of Indian cattle with better quality feed.,2020
Kitchens Centre,Food Service Infrastructure,Other Stages,36382.05,New Delhi,Kitchens Centre offers turnkey solutions to cloud kitchens.,2020
Oga Fit's,Fitness Startup,Other Stages,36382.05,Bengaluru,The new-age home workout app that gives you an unmatched boutique digital fitness studio experience.,2020
BitClass,Paas Startup,Early Stage,24254.7,Bengaluru,BitClass is a PaaS solution which helps teachers set up their independent live classes,2020
Jade Forest,Beverages,Early Stage,3031.84,New Delhi,"NATURALLY THE BEST From zero artificial ingredients in our drinks to the way they make you feel, we bring you a bespoke range of natural mixers.",2020
Ather Energy,Automobiles,Late Stage,424457.19,Bengaluru,Ather Energy is a manufacturer of electric scooters.,2020
Steradian Semiconductors,Deeptech,Early Stage,36382.05,Bengaluru,Semiconductor company focused on CMOS millimeter wave products for Radar.,2020
CHARGE+ZONE,Ev Startup,Other Stages,36382.05,Gujarat,"Charge+Zone provides services in renewable energy solutions, product development, and software engineering company.",2020
AjnaLens,Ar/Vr Startup,Other Stages,12127.35,Thane,"AjnaLens develops AR/VR wearables primarily for the Defence, Education and enterprise customers.",2020
TurboHire,Recruitment Startup,Early Stage,12127.35,Hyderabad,Talent Intelligence Platform for enterprises that helps recruiters discover the right candidates for a job using a Human-like AI,2020
Charcoal Eats,Qsr Startup,Other Stages,24254.7,Mumbai,"In the last five years, have served over 1.5 million orders and enjoy high customer satisfaction.",2020
Mitron TV,Video Platform,Early Stage,36382.05,Bengaluru,Mitron is a free short videoplatform for next generation,2020
Janani,Fertility Tech,Early Stage,2425.47,Bengaluru,Janani aims to make the process of infertility treatment and assisted fertilisation easier,2020
Finelistings,Luxury Car Startup,Other Stages,36382.05,New Delhi,A Used Luxury Car Marketplace,2020
Pocket FM,Fm,Mid Stage,60636.74,Bengaluru,Pocket FM is an audiobook & podcast app that brings you over 10K+ popular audiobooks.,2020
Krimanshi Feeds,Nutrition Sector,Mid Stage,6063.67,Jodhpur,Krimanshi aims to increase rural income by improving the productivity of Indian cattle with better quality feed.,2020
Betterplace,Tech Platform,Mid Stage,121273.48,Bengaluru,Developer of a digital verification platform designed to manage the semi-formal workforce.,2020
InVideo,Video,Mid Stage,181910.23,Mumbai,InVideo enables you to transform your content into great videos.,2020
Arzooo,Retail Tech,Mid Stage,90955.11,Bengaluru,"Retail tech platform empowering 300,000+ small retailers in electronics space to compete with big organised players and increase sales",2020
VitalTech,Heathtech,Early Stage,36382.05,"Plano, Texas, United States","VitalTech is a develop technologies that empower patients to better care for their safety,",2020
Slintel,Sles And Marketing,Other Stages,50934.86,"San Francisco Bay Area, Silicon Valley, West Coast","Slintel, a leader in capturing technographics-powered buying intent, helps companies uncover the 3% of active buyers in their target market.",2020
SoOLEGAL,Legaltech,Early Stage,48509.39,New Delhi,"SoOLEGAL is a global integrated directory of lawyers, legal aid organizations, and Law firms.",2020
Hire Me Car,Car Service,Early Stage,36382.05,Noida,India's largest cloud based digital discovery and services provisioning platform for the taxi rental,2020
CredR,Bike Marketplace,Mid Stage,24254.7,Mumbai,India’s Only 100% Inspected and Certified Used Bikes Marketplace.,2020
Satyukt,Agri Tech,Early Stage,6063.67,Bengaluru,An agritech company that provides business to business (B2B) agricultural data,2020
Rare Planet,Reatil Startup,Other Stages,36382.05,Kolkata,Rare Planet sells handicrafts made by local artisans.,2020
Avataa Me,Ar Platform,Mid Stage,84891.44,Bengaluru,AVATAAR.ME is a deep-tech 3D AR platform which delivers personalized fashion discovery experience to users on mobile devices.,2020
Pepper Content,Content Marketplace,Mid Stage,50934.86,Mumbai,Pepper Content is a Content-Mediation Platform that connects talented writers to organisations that require content.,2020
Livve,Rental Space,Early Stage,18191.02,Cochin,An online platform where both owners and tenants find help in making sure their rental transaction are safe and secure.,2020
Krishitantra,Soil-Tech,Early Stage,12127.35,Hyderabad,Krishi-Tantra is an Agri-IoT startup building farm automation for controlled agricultural environment.,2020
NirogStreet,Ayurveda Tech,Other Stages,24254.7,Gurugram,NirogStreet is an Ayurvedic doctor discovery and appointment booking platform where patients can easily find doctors and fix consultation.,2020
Bambrew,Packaging Solution Startup,Early Stage,36382.05,Bengaluru,Bambrew is an online shop for reusable bamboo straws.,2020
ECOSTP,Sanitation Solutions,Early Stage,230419.62,Bengaluru,Eco friendly zero power zero maintenance sewage treatment plant in India.,2020
WoodenStreet,Home Design,Mid Stage,12127.35,Rajastan,Wooden Street is a online furniture platform that provides custom made & ready to order furniture.,2020
ACKO,Insuretech,Other Stages,727640.9,Mumbai,Acko General Insurance is a private sector general insurance company in India.,2020
Fourth Partner Energy,Solar Solution,Early Stage,194037.57,Hyderabad,Fourth Partner Energy provides turnkey rooftop solar energy solutions for customers in India.,2020
Melorra,Jewellery Startup,Mid Stage,151591.86,Bengaluru,Melorra is an operator of an online jewelry store that is used to offer contemporary jewelry.,2020
Reliance,Multinational Conglomerate Company,Mid Stage,26680166.5,Mumbai,"Reliance owns businesses across India engaged in energy, petrochemicals, textiles, natural resources",2020
Pandorum,Deeptech Startup,Early Stage,61364.38,Bengaluru,A Bangalore based biotechnology company with focus on tissue engineering and regenerative medicine.,2020
SpeakIn,Social Network,Other Stages,36382.05,Noida,"AI-enabled network of speakers and thought leaders, aka. experts",2020
LetsUp,Publication,Mid Stage,36382.05,Mumbai,"Provides News, Jobs, Information & Entertainment on WhatsApp, Absolutely free",2020
JetSynthesys,Tech,Early Stage,485093.94,Mumbai,Gaming and entertainment startup,2020
3one4 Capital,Venture Capital,Other Stages,1212734.84,Bengaluru,Use transformative capital and a deep involvement strategy to help Indian entrepreneurs,2020
WE-Hub,Entreprenurship,Other Stages,36382.05,Hyderabad,WE HUB is the first-of-its-kind and only State-run platform for Women Entrepreneurs.,2020
Zomato,Food Devlivery,Late Stage,751895.6,Gurugram,Get online food delivery from restaurants near you,2020
Odwen,Warehouse,Mid Stage,654.88,Noida,India's first do-it-yourself warehouse management system.,2020
BankBazaar,Online Financial Service,Other Stages,109146.14,Chennai,Check your latest Credit Score and get your Credit Report online in India for Free,2020
Specsmakers,Eyeglasses,Other Stages,36382.05,Chennai,"A leader in crafting stylish, high-quality, eyewear at affordable prices.",2020
Grinntech,Battery Design,Early Stage,24254.7,Dehradun,"Grinntech has a range of Lithium-ion batteries which sets new standards in Electrical safety, Energy density, Durability",2020
CreditMantri,Online Credit Management Startup,Early Stage,9740.03,Chennai,CreditMantri is a provider of comprehensive Credit Analysis and Credit Improvement programs.,2020
Chai Waale,Beverage,Early Stage,2886.31,Chennai,Given the rising trend in the number of tea stalls in the city,2020
Hire Me Car,Traveltech,Early Stage,36382.05,Noida,HireMeCar.com offers customers the fastest and easiest way to plan road travel.,2020
WeInnovate Biosolutions,Startup Laboratory,Early Stage,36382.05,Pune,Startup working dedicatedly in the area of healthcare-therapeutic solutions.,2020
mCaffeine,Personal Care Startup,Mid Stage,35169.31,Mumbai,"MCaffeine is a personal care brand that offers caffein-infused face, body, and hair care products.",2020
Onsitego,Customer Service Company,Mid Stage,363820.45,Mumbai,Onsitego is a customer service company for device and appliance repairs.,2020
Precily,Saas  Startup,Early Stage,36382.05,California,Precily is Artificial Intelligence platform for enterprises that increases efficiency of workforce by providing AI based solutions.,2020
ClanConnect,Marketing Startup,Early Stage,7276.41,New Delhi,"AI-driven influencer marketing platform ClanConnect.ai, which helps brands make their campaigns more data and result-oriented",2020
Servify,Technology Services,Mid Stage,278929.01,Mumbai,Servify is a self-learning platform that provides device management services and warranty solutions.,2020
Cub McPaws,Ar Startup,Other Stages,9701.88,Mumbai,Cub McPaws is a kids clothing brand.,2020
Zimyo,Hr Tech Startup,Early Stage,18191.02,Gurugram,Employee experience platform that empowers organizations to manage and retain great talent!,2020
PumPumPum,Automotive Startup,Other Stages,4365.85,Gurugram,Pumpumpum is a car rental company,2020
Burgerama,Food Startup,Other Stages,36382.05,Gurugram,Burgerama is a unit of Junket Foods Private Limited,2020
Illumnus,Edtech Startup,Early Stage,1212.73,Gurugram,"An innovative EdTech startup from IITB & BITS alumni, offering B2B SaaS-based collaborative LMS for Schools and Universities",2020
CarTrade,Car Trade,Late Stage,515412.31,Mumbai,Buy and Sell Used Cars,2020
LEAD School,Edttech,Mid Stage,339565.76,Mumbai,Offers a high-end digital classroom system focused on enhancing the learning experience,2020
Ultraviolette Automotive,Automation,Mid Stage,4972.21,Bengaluru,Industries Automotive Electric Vehicle Energy Energy Storage,2020
SenseHawk,Solar Saas,Mid Stage,60636.74,Bengaluru,SenseHawk is a SaaS platform that helps improve processes and saves cost in the development,2020
Railofy,Wl & Rac Protection,Early Stage,10914.61,Mumbai,Enables waitlisted passengers to reach their destination at the lowest possible price if their ticket is not,2020
Eloelo,Social Commerce,Early Stage,5457.31,Bengaluru,"Social Commerce Venture for Wellness. View company info, jobs, team members, culture, funding and more.",2020
Homelane,Home Interior Services,Other Stages,97018.79,Bengaluru,Explore 1000's of fully customizable home interior designs.,2020
WayCool,Agritech Startup,Mid Stage,61364.38,Chennai,WayCool is a social enterprise positively impacting the lives of India's farmers,2020
YAP,Api Platform,Mid Stage,49115.76,Chennai,Create your own stream of Neo-banking and Deposit products using our bank-grade APIs,2020
Big Bang Boom Solutions,Deep Tech,Mid Stage,12733.72,Chennai,It aims to co-create intellectual property that can reside within the borders of the country.,2020
BluSmart,Electricity,Other Stages,84891.44,Gurugram,"BluSmart, an all-electric ride-hailing platform",2020
Cell Propulsion,Automotive Company,Other Stages,36382.05,Bengaluru,Designs and develops electric power drives and autonomous electric mobility solutions,2020
Spoonshot,Fmcg,Early Stage,12127.35,Bengaluru,A food science company using AI to predict consumer taste and food trends,2020
i3 Systems,Insurance Tech,Other Stages,12733.72,Mumbai,Transforming India's health insurance industry with its digital solutions and AI products for automation,2020
Hippo Video,Video Personalization,Mid Stage,48509.39,New York,Helps enterprise businesses achieve their marketing and sales goals through seamless video,2020
Phool.co,Biomaterial Startup,Other Stages,16978.29,Kanpur,They use flowers from temples across India's and create useful products such as rose incense cone,2020
IDfy,It,Mid Stage,25588.71,Mumbai,IDfy provides risk and fraud solutions,2020
Bira91,Craft Beer,Early Stage,9265.29,New Delhi,A craft beer brand manufactured by B9 Beverages Pvt. Ltd.,2020
Tracxn,Investment,Mid Stage,10756.96,Bengaluru,Tracxn is the research partner for Venture Capitalist,2020
PurohitJi,Linguistic Spiritual,Mid Stage,36382.05,Bengaluru,App for Hindu Puja Products & Services,2020
Brick&Bolt,Construction And Real Estate,Mid Stage,26680.17,Bengaluru,"A construction company doing house construction, building construction, commercial construction",2020
Grinntech,Battery Manufacturer,Early Stage,24254.7,Chennai,Leading on all fronts of battery design,2020
Exprs,Nano Distribution Network,Other Stages,68640.79,Madhapur,"Nano Distribution Centres, enabling seamless connectivity of businesses & Consumers.",2020
The Health company,Ai Health,Early Stage,4244.57,Gurugram,Organic superfoods & free personal health coaching that actually work.,2020
TrulyMadly Matchmakers,Dating App,Other Stages,1334.01,Gurugram,One of the best dating Apps in India connecting singles across the country.,2020
TrueFan,Media,Early Stage,52147.6,Mumbai,Enables users to play quizzes around celebrities and winners get a personalised video message from stars.,2020
Virohan,Healthcare/Edtech,Early Stage,33956.58,Gurugram,Healthcare training company,2020
Otipy,Agritech/Commerce,Other Stages,12127.35,Gurugram,Connects consumers with farmers thorugh women resellers,2020
Evage,Mobility Tech,Early Stage,36382.05,Chandigarh,Develop emissions-free electric commercial vehicles,2020
Trell,Social E-Commerce,Mid Stage,133400.83,Bengaluru,Allows users to share their travel experiences,2020
Captain Fresh,Food & Logistics,Other Stages,27892.9,Bengaluru,Sea food Supply chain,2020
Habbit Health,Nutrition Tech,Other Stages,36382.05,New Delhi,Applies modern science for healthier life through proprietary foods & digital ecosystem,2020
Able Jobs,Hr,Mid Stage,24254.7,Bengaluru,Provides end to end hiring support to companies,2020
Text Mercato,E-Commerce Technology,Mid Stage,7877.93,Bengaluru,Cataloguing startup that serves ecommerce platforms,2020
CUSMAT,Ar/Vr,Mid Stage,36382.05,Warangal,It builds high immersion training systems for enterprises,2020
DrinkPrime,Water Technology,Other Stages,34914.64,Bengaluru,Subscription-based Water purifier startup,2020
IPHM Services,Mental Health,Early Stage,36382.05,Mumbai,It helps design programs and workshops for the psychological well-being of individuals,2020
Leap Club,Professional Networking,Mid Stage,36382.05,Gurugram,Community led professional network for women,2020
Bijnis,B2B Marketplace,Mid Stage,121273.48,New Delhi,Provides a platform for manufacturers and retailers in digital transaction,2020
StyleDotMe,Fashion Tech,Other Stages,5663.47,Gurugram,"mirrAR, helps jewellers sell jewellery with no physical inventory",2020
ThriveFNC,Health & Wellness,Early Stage,36382.05,Pune,Focusses on reversing chronic lifestyle disorders through functional nutrition.,2020
Magicpin,Hyperlocal Services,Late Stage,84891.44,Gurugram,"It is a local discovery, rewards, and commerce platform",2020
Yumlane,Cloud Kitchen,Other Stages,12127.35,Mumbai,Online retailer that offers a range of on-the-go hot snacking and meals,2020
PumPumPum,Iot/Automobile,Late Stage,3553.31,Gurugram,Offers leased car services,2020
Specsmaker,Eye Wear,Mid Stage,37109.69,Chennai,Online optical chain for eye wears,2020
JetSynthesys,Digital Tech,Early Stage,485093.94,Pune,Digital entertainment and technology company,2020
Blue Sky Analytics,Data Intelligence,Early Stage,14552.82,Gurugram,"It is building AI-powered infrastructure to analyse air quality, pollution etc",2020
Zolostays,Co-Living,Mid Stage,679131.51,Bengaluru,It offers affordable housing apartments to young professionals and students,2020
Paper Boat,Food & Beverages,Early Stage,44871.19,Gurugram,Ecommerce platform for beverages and snacks,2020
Big Bang Boom Solutions,Defense Tech,Mid Stage,12127.35,Chennai,It developed integrated intellectual properties for defense,2020
Arth Designbuild,Construction Tech,Mid Stage,13340.08,Hyderebad,Construction technology and solutions provider,2020
Oziva,Nutrition,Mid Stage,60636.74,Mumbai,Clean Label Active Nutrition Brand,2020
91springboard,Coworking,Mid Stage,72036.45,New Delhi,It offers collaborative workspace with varied amenities,2020
Yulu,Micro-Mobiity,Mid Stage,48072.81,Bengaluru,The electric and scooter rental startup,2020
GoMechanic,Auto-Tech,Mid Stage,36382.05,New Delhi,Find automobile repair and maintenance service providers,2020
Peppermint,Robotics,Early Stage,36382.05,Mumbai,Industrial robotics startup,2020
LetsTransport,Logitech,Other Stages,15929.27,Bengaluru,Offers techno logistics solutions,2020
Crimson Healthcare,Med Tech,Other Stages,2786.86,New Delhi,It innovates cutting edge solutions for various problems in the healthcare system,2020
Biomoneta,Life Sciences,Early Stage,36382.05,Bengaluru,It develops germicidal technologies,2020
F5,Retail Aggregator,Other Stages,36382.05,Bengaluru,It provides opportunities for its partner vendors to upsell and cross-sell their products.,2020
Myelin Foundry,Deep Tech Ai,Mid Stage,36382.05,Bengaluru,"It builds AI based algorithms on video, voice and sensor",2020
Ameliorate Biotech,Biotech,Other Stages,3201.62,Bengaluru,"Their products address the needs in Early Stage Diagnostics, Bio-Similars and Nutraceuticals.",2020
MyKaam,Hrtech,Other Stages,36382.05,Bengaluru,Online job searching and recruiting platform,2020
YoloBus,Mobility/Transport,Mid Stage,40020.25,Gurugram,Intercity bus service startup,2020
Credgencies,Ai & Debt,Early Stage,36382.05,Gurugram,Tech-enabled platform for resolution of non-performing assets,2020
Knorish,Saas/Edtech,Other Stages,3917.13,New Delhi,All-in-one knowledge commerce SaaS platform,2020
Vahak,Transport,Early Stage,36382.05,Bengaluru,It enables logistic companies to conncet with transporters,2020
Awifs,Co-Working,Early Stage,63062.21,New Delhi,Provides office space solutions,2020
Gram Cover,Insurtech,Other Stages,36382.05,Noida,It provides insurance products in rural areas,2020
Vakilsearch,Legal,Other Stages,36382.05,Chennai,"Online platform for legal, tax and compliance services",2020
Juicy Chemistry,Organic Skincare,Mid Stage,7882.78,Coimbatore,It focuses on organic based skincare products,2020
Tesco Charge Zone,Ev,Other Stages,36382.05,Gujarat,Operates electric vehicle charging zone,2020
Intello Labs,"Supply Chain, Agritech",Mid Stage,71551.36,Gurugram,Standardisation and Quality control of fruits & vegetables,2020
Generic Aadhaar,Pharma,Mid Stage,36382.05,Thane,It provides a platform for entrepreneurs to access generic  medicine at low cost,2020
Aker Foods,Foodtech & Logistics,Early Stage,36382.05,Pune,Ai driven supply chain platform,2020
RoomSoom,Housing,Other Stages,36382.05,Noida,It provides co-living and student rooms,2020
Wagonfly,Retail Technology,Other Stages,6063.67,Bengaluru,Contactless shopping and delivery experience by using radio frequency to tag retail items,2020
Convosight,Data Analytics,Other Stages,48509.39,Hyderabad,It helps business gain insights from its community on Facebook groups,2020
AsknBid,Investment Tech,Early Stage,36382.05,Bengaluru,It builds algorithmic investing-based tech products,2020
UzhavarBumi,Dairy,Early Stage,36382.05,Tamil Nadu,Provides fresh dairy products,2020
Tattva,Beauty & Wellness,Early Stage,1819.1,New Delhi,Sells its organic and beauty products via marketplace,2020
ITILITE,Travel & Saas,Mid Stage,157655.53,Bengaluru,Platform for business travel,2020
BLive,Tourism & Ev,Other Stages,36382.05,Bengaluru,"It offers experiential, guided tours on smart electric bikes",2020
Toch,Media Tech,Mid Stage,4850.94,Mumbai,AI based Video object detection and Tagging platform,2020
Locale ai,Location Analytics,Mid Stage,36382.05,Bengaluru,It helps companies with moving assets  increase revenues and demand using real time location data and analytics,2020
Big Basket,E Store,Mid Stage,727640.9,Bengaluru,Online grocery store,2020
Obviously AI,Data Science,Early Stage,36382.05,San Francisco,It provides predictive insights to clients by leveraging their data,2020
CureFit,Health And Fitness,Late Stage,1394645.07,Bengaluru,"Integrated platform for food, fitness and meditation.",2020
Shadez,Interior & Decor,Early Stage,1212.73,Mumbai,Paint Company,2020
Ola Electric,Emobility,Mid Stage,12127.35,Bengaluru,Electric vehicle,2020
UnboxRobotics Labs,Automation Tech,Early Stage,6063.67,Bengaluru,Automated flexible parcel sorting solutions for logistics providers,2020
Airmeet,Media & Networking,Early Stage,36382.05,Bengaluru,"A platform to host, discover, and attend fully remote events like conferences and professional meet-ups",2020
F5,E-Market,Early Stage,36382.05,Bengaluru,Retail Aggregator,2020
Strata,Proptech,Early Stage,18191.02,Bengaluru,Real estate investment platform,2020
Salesken,Ai & Data Science,Mid Stage,97018.79,Bengaluru,Provides sales professionals with intelligence on various aspects of the sales pitch,2020
GogoBus,Travel Tech,Late Stage,36382.05,New Delhi,Inter-City Mobility Startup,2020
Bounce,Automotive And Rentals,Other Stages,78827.76,Bengaluru,Offers a variety of bikes and scooters that can be rented on a subscription basis,2020
Spinny,E-Tail,Mid Stage,529965.13,Haryana,Used car retailing platform,2020
Flick Stree,Ai & Media,Mid Stage,36382.05,Mumbai,Artificial intelligence-based video publishing network,2020
MinionLabs,Machine Learning,Mid Stage,36382.05,Bengaluru,It leverages a Machine Learning-based approach to generate a comprehensive report on predictive analytics,2020
Pepper,Content Marktplace,Early Stage,3721.88,Mumbai,End to end content creation platform,2020
Invideo,Visual Media,Early Stage,30318.37,Bengaluru,Video production and editing platform,2020
Sanfe,Hygiene,Other Stages,13340.08,New Delhi,Women health care and wellness product,2020
SmartVizX,Vr & Saas,Other Stages,16941.91,Noida,It developed India’s first VR-based design communication and collaboration product Trezi,2020
Onsitego,Sales & Services,Mid Stage,230419.62,Mumbai,It offers post-purchase services through a network of brand authorised service centres throughout the country,2020
CamCom,Ai & Deep Learning,Mid Stage,36382.05,Bengaluru,AI automation platform for enterprise quality control,2020
HooLiv,Housing & Rentals,Early Stage,36382.05,New Delhi,Student Co-living startup,2020
Big Basket,Estore,Early Stage,42445.72,Bengaluru,Online grocery store,2020
AlphaVector,E Tailor,Mid Stage,36382.05,Bengaluru,It sells modern age bicycles named FROG,2020
Oye! Rickshaw,E-Mobility,Mid Stage,121273.48,New Delhi,App-based electric rickshaw hailing service,2020
AdonMo,Ad-Tech,Other Stages,36382.05,Bengaluru,It is an online and outdoor advertising company,2020
Nupay,Neo-Banking,Mid Stage,36382.05,Haryana,"Integrated platform for Receivables and Payables automation, Electronic Invoicing, Reconciliations and Bank payouts",2020
LogiNext,Transport Automation,Mid Stage,472966.59,Mumbai,"It helps logistics companies to improve internal operations, optimise delivery networks and provide customer service",2020
Park+,Techonology,Early Stage,133400.83,Gurugram,It is engaged in bringing digitization in parking,2020
Invento Robotics,Ai Robotics,Early Stage,3411.42,Bengaluru,Known for Mitra Series of Robots,2020
ProEves,Preschool Daycare,Early Stage,6148.57,New Delhi,"Provides tech-enabled, end-to-end childcare support solutions for corporate and retail consumers",2020
Aesthetic Nutrition,Food Diet,Other Stages,36382.05,New Delhi,Markets and sells chewable dietary supplements,2020
Ninjacart,B2B Agritech,Mid Stage,121273.48,Bengaluru,Online grocery delivery platform,2020
Wysh,E-Connect,Mid Stage,24254.7,Hyderabad,Celebrity engagement and wishing platform,2020
IncubateHub,Tech Hub,Other Stages,36382.05,Bengaluru,Provides platform for Corporates to connect establish brand presence among innovation community,2020
Techbooze,Consultancy,Mid Stage,181910.23,New Delhi,"Business Development, Consulting and Funding facilitator for Startups Enterprise",2020
Generico,Pharmacy,Early Stage,16978.29,Mumbai,Generic medicine focussed retail chain,2020
Super Surfaces,Deisgning,Mid Stage,6063.67,Hyderabad,A design solution based company,2020
Quicko,Taxation,Other Stages,3395.66,Ahmedabad,Online tax planning and filing platform,2020
GoMechanic,Automobile Technology,Mid Stage,178272.02,New Delhi,Find automobile repair and maintenance service providers,2020
Bizongo,B2B E-Commerce,Mid Stage,51000000.0,Mumbai,Bizongo is a business-to-business online marketplace for packaging products.,2021
Urban Company,Home Services,Other Stages,188000000.0,Delhi,"Urban Company (Formerly UrbanClap) is a home and beauty services platform in India, Middle East, Singapore and Australia",2021
FreeStand,B2B Service,Other Stages,100000.0,Delhi,FreeStand enables FMCG brands to execute trackable and scalable product sampling campaigns.,2021
MyDentalPlan,Helathcare,Early Stage,700000.0,Bengaluru,My Dental Plan provides dental care packages and services.,2021
Tessolve,Electronics,Other Stages,40000000.0,Bengaluru,"Tessolve Semiconductor offers engineering in semiconductor design, test/product engineering, failure analysis, systems design.",2021
ORAI,It Startup,Other Stages,400000.0,Bengaluru,AI-Powered Robotic Virtual Assistant (RVA) for Amplifying Performance of Poor quality leads and bring more MQL and SQL,2021
Optimized Electrotech,Aeorspace,Other Stages,1800000.0,Ahmadabad,"Long distance, multispectral Surveillance Equipment for Defense, Aerospace, Critical Asset Protection",2021
Fuel Buddy,Oil And Energy,Other Stages,1000000.0,Delhi,FuelBuddy is the FIRST legal private company in India to have permissions in place to deliver fuel. FUELDELIVERY APP.,2021
Puresh Daily,Milk Startup,Early Stage,100000.0,Ranchi,PUREandFRES-Milk delivers fresh milk directly from its farm to home. Fresh Milk without any trace of chemicals is packed and sealed in glass bottle.,2021
LimeChat,Ai Chatbot,Early Stage,7500000.0,"Faridabad, Haryana",Limechat provides a personalised shopping experience for D2C companies on chat platforms using L3 conversational AI.,2021
Superpro.ai,Video Communication,Early Stage,3000000.0,Bengaluru,Enabling independent professionals to bring offline consulting online with AI,2021
WiT-ACE,Skill Development,Early Stage,1000000.0,Gurugram,"Offer accelerated career experiences for women by Enabling, Engaging & Employing them to be in decision making roles.",2021
GetWork,Recruitment,Early Stage,200000.0,Gurugram,GetWork is a campus recruiting platform to post your jobs and hire across dozens of colleges at once.,2021
Studio Sirah,Computer Games,Other Stages,800000.0,Bengaluru,Studio Sirah is founded with a belief in the increasing sophistication of the Indian gamer and the whitespace of midcore India-first games.,2021
Bewakoof,Apparel & Fashion,Mid Stage,8000000.0,Mumbai,"Bewakoof is a lifestyle fashion brand that makes creative, distinctive fashion for the trendy, contemporary Indian.",2021
Kirana247,Logistics & Supply Chain,Other Stages,1000000.0,Delhi,An on-demand FMCG supply chain company leveraging a deep tech-enabled micro warehousing model to serve Kirana stores.,2021
Sporjo,Sportstech,Other Stages,2000000.0,Mumbai,A one stop destination to build a successful career in the Indian sports industry!,2021
O’ Be Cocktails,Wine & Spirits,Other Stages,400000.0,Bengaluru,India’s first and only Ready to Drink Premium Cocktails.,2021
Zetwerk,Mechanical & Industrial Engineering,Other Stages,150000000.0,Bengaluru,ZETWERK is a universal manufacturing network powered by new-age technology.,2021
AppsForBharat,Spiritual,Early Stage,4000000.0,Bengaluru,"A mission to assist a billion Indians in their spiritual journey and help them feel happier, peaceful & more content.",2021
House of Kieraya,Lifestyle,Other Stages,15000000.0,Bengaluru,"House of Kieraya, well-known for furniture and lifestyle rental brand ?Furlenco",2021
Postman,Computer Software,Late Stage,225000000.0,Bengaluru,Postman is the collaboration platform for API development.,2021
LoanKuber,Digital Mortgage,Other Stages,1200000.0,Delhi,LoanKuber is the lowest cost lender to Yest-to be Bankable - enabling borrowing with trust and confidence.,2021
SleepyCat,Furniture,Other Stages,3800000.0,Mumbai,An online sleep solutions company that believes in delivering luxurious sleep to everyone.,2021
Navia Life Care,Healtcare,Other Stages,1000000.0,Delhi,Navia Life Care is a health technlogy company with a special focus on patient care.,2021
NimbleBox.ai,Mlops Platform,Early Stage,1000000.0,Chennai,A full-stack MLOps platform built to create & launch multi-cloud apps on the cloud,2021
Heads Up For Tails,Pet Care,Mid Stage,37000000.0,Delhi,"A one stop shop for all pet products with paw prints all across India, we design, manufacture and customize stylish",2021
UrbanMatrix Technologies,Drone,Other Stages,100000.0,Chennai,Helping Industries & Organizations to seamlessly adopt drones in their workflow to elevate efficiency & profitability,2021
Apnaklub,Wholesale,Early Stage,3500000.0,Bengaluru,Apnaklub is India's most trusted wholesale platform that empowers people to set up their own retail and sales businesses by providing better-than-industry margins,2021
infra.market,Construction,Late Stage,125000000.0,Thane,Infra.Market is a Construction Solutions company that leverages technology to provide an enhanced procurement experience for all players in the construction ecosystem.,2021
Simpl,Consumer Services,Mid Stage,40000000.0,Bengaluru,"Simpl empowers merchants to build trusted relationships with their customers one transaction at a time through one-click checkout, personalized PoS credit and intelligent loyalty rewards",2021
8i Ventures,Venture Capital & Private Equity,Other Stages,50000000.0,Mumbai,8i is a Mumbai & Bangalore based early stage fund that backs founders creating fintech and consumer category leaders in India.,2021
Pocket FM,Ott,Mid Stage,22000000.0,Bengaluru,"Pocket FM lets users discover and enjoy the greatest selection of audio content ranging from audiobooks, stories and podcasts from the most diverse creator community.",2021
PlanetSpark,Education Management,Mid Stage,13000000.0,Gurugram,PlanetSpark is building the World Leader in Communication Skills for children in the age groups of 4 to 14 years,2021
MoEngage,Software Startup,Late Stage,30000000.0,Bengaluru,Insights-led customer engagement platform for the customer-obsessed marketers & product owners.,2021
CloudSEK,Computer & Network Security,Mid Stage,7000000.0,Bengaluru,AI-powered Digital Risk Monitoring platform that provides real-time visibility of cyber threats and actionable Intel.,2021
Trinkerr,Capital Markets,Mid Stage,6600000.0,Bengaluru,Trinkerr is India's first social trading platform.,2021
NephroPlus,Hospital & Health Care,Late Stage,24000000.0,Hyderabad,"A vision and passion of redefining healthcare delivery in India in 2010, NephroPlus today is India’s largest network of dialysis centres.",2021
Fullife Healthcare,Pharmaceuticals,Mid Stage,22000000.0,None,Primary Business is Development and Manufactur...,2021
MoEVing,Electric Mobility,Early Stage,5000000.0,Gurugram,MoEVing is India's only Electric Mobility focused Technology Platform with a vision to accelerate EV adoption in India.,2021
ShopMyLooks,Digital Platform,Other Stages,200000.0,Noida,ShopMyLooks turns social media photos & videos into shop-the-look thus helping creators monetize their entire content.,2021
Bizongo,B2B Ecommerce,Late Stage,100000000.0,Mumbai,izongo is India’s largest B2B platform for made-to-order products.,2021
FRND,Online Media,Mid Stage,6500000.0,Bengaluru,FRND is an audio dating app for Bharat,2021
EsportsXO,Mobile Games,Early Stage,1100000.0,Bengaluru,EsportsXO is an esports tournament management company which offers software to manage tournaments online.,2021
Skippi Ice Pops,Food Production,Other Stages,130000.0,Hyderabad,India's First Icepops Brand,2021
Hubhopper,Podcast,Other Stages,3500000.0,Delhi,"Hubhopper is India's leading podcast hosting, creation & distribution platform. Getting podcast across both Indian & global audio platforms",2021
Pencil,Content Publishing,Other Stages,1000000.0,Mumbai,Pencil is a content publishing platform that enables writers to publish their work for free.,2021
Swajal,Water Purification,Other Stages,1600000.0,Gurugram,Swajal uses clean solar energy to purify drinking water at an affordable rate.,2021
Hypd Store,Content Commerce,Early Stage,3500000.0,Delhi,"A shop worthy content platform, personalized!",2021
VerSe Innovation,Innovation Management,Other Stages,1000000000.0,Bengaluru,Owner of Dailyhunt App and I-Pay,2021
Unlu,Celebrity Engagement,Early Stage,1000000.0,Gurugram,Personalised Video Shoutout from top celebrities,2021
Scentials,Personal Care,Other Stages,6000000.0,Mumbai,Scentials is building a unique beauty brands studio platform,2021
Hemp Horizons,Cannabis Startup,Early Stage,200000.0,Noida,Cannabis and Hemp company,2021
Koo,Blogging,Mid Stage,4100000.0,Bengaluru,Koo App operates as a microblogging app.,2021
Headfone,Social Audio,Early Stage,3000000.0,Bengaluru,Headfone helps create and share the audio content with listeners.,2021
Zouk,Fashion And Lifestyle,Early Stage,3500000.0,Mumbai,100% Vegan bags from India.,2021
Fashinza,B2B Manufacturing,Early Stage,2600000.0,Gurgaon,Fashinza is a B2B manufacturing marketplace that solves apparel/fashion supply chain challenges.,2021
Inficold,Solar,Other Stages,900000.0,Delhi,Provide uninterrupted and affordable cooling for refrigeration,2021
KIWI,Taas Startup,Early Stage,250000.0,Delhi,"A peer to peer support network, which would enable billions of users across the world",2021
Karkhana.io,Manufacturing Startup,Early Stage,1500000.0,Mumbai,Karkhana.io is an on-demand manufacturing platform with a vision of digitalizing manufacturing.,2021
ReadyAssist,Vehicle Repair Startup,Early Stage,1000000.0,Bengaluru,"ReadyAssist is one of the India's leading 24/7 roadside assistance, breakdown support, towing and repairs provider for both Bikes & Cars.",2021
Wright Research,Advisory Firm,Early Stage,3500000.0,Mumbai,Quantitative Investment Management and Research,2021
Devic Earth,Pollution Control Equiptment,Other Stages,1000000.0,Bengaluru,"State-of-the-art air pollution control equipment to improve air quality across buildings, industries, and cities.",2021
boAt,Fashion & Lifestyle,Other Stages,100000000.0,Mumbai,boAt is a lifestyle brand that deals in fashionable consumer electronics.,2021
MyGlamm,D2C,Other Stages,40000000.0,Mumbai,MyGlamm is India’s fastest growing direct-to-consumer beauty brand.,2021
Skymet,Environmental Services,Other Stages,1000000.0,Noida,Provide services that allow clients to understand and organize themselves around changing environment.,2021
ReDesyn,Merchandise,Other Stages,300000.0,Mumbai,"Merchandise drop-shipping platform for influencers, designers, creators & brands.",2021
Inspacco,Facilities Services,Other Stages,200000.0,Pune,"For residential commercial and industrial establishments , Inspacco is a one stop solution , that delivers affordable improvement and maintenance services",2021
Mailmodo,Marketing & Advertising,Early Stage,2000000.0,Bengaluru,Mailmodo is a complete email marketing solution enabling users to create and send app-like interactive emails to improve email conversions.,2021
GlobalBees,D2C Business,Mid Stage,150000000.0,Delhi,Globalbees partners with entrepreneurs who have built an online-first business.  Our team scales up D2C businesses in India and abroad.,2021
NFTically,Nft Marketplace,Early Stage,3500000.0,Gurugram,"NFT Marketplace to buy or sell NFT tokens in minutes or set up your own NFT store, website, a storefront in minutes.",2021
Bikry app,Consumer Software,Other Stages,1300000.0,Noida,"Bikry, a Direct-to-Customer platform to start your online store within 30 seconds at 0% commission",2021
Pankhuri,Social Community,Other Stages,3200000.0,Bengaluru,"Pankhuri is a women's only community for members to socialize, explore and upskill through live interactive courses, expert chat and interest-based clubs.",2021
Aquaconnect,Fishery,Other Stages,4000000.0,Chennai,Aquaconnect is a global full-stack aquaculture technology venture that provides data-driven farm advisory and marketplace solutions to fish and shrimp farmers,2021
Indi Energy,Renewables & Environment,Early Stage,3500000.0,Roorkee,"Indi Energy is an energy storage startup involved in R&D of next generation battery technologies, with superior performance than current counterparts.",2021
Pratilipi,Online Storytelling,Other Stages,48000000.0,Bengaluru,"Pratilipi is the largest Indian language self-publishing platform with over 350,000 authors and more than 28,000,000 unique monthly readers.",2021
Skylark Drones,Aviation,Other Stages,3000000.0,Bengaluru,"Enterprise drone solutions that help plan, build, and sustain the world we live in.",2021
Leegality,It Company,Other Stages,3500000.0,Gurugram,"The market standard for eSign, eStamp and Document Workflow in India. Eliminating paper from paperwork since 2016",2021
Biocraft Innovation Technology,Environmental Service,Early Stage,3500000.0,Noida,Innovation startup developing bamboo resources of India to be used in industrial use by developing injection moulding granules,2021
Jobsgaar,Job Discovery Platform,Early Stage,140000.0,Delhi,India's first District level/ Hyper Local Job discovery platform,2021
Almo,D2C Fashion,Early Stage,3500000.0,Gurugram,Almo is a Premium Men's essentianls wear brand focused on bringing sophisticated yet functional designs to wardrobe.,2021
Truemeds,Heathcare,Mid Stage,5000000.0,Mumbai,Truemeds is a health-tech startup.,2021
WaterScience,D2C Startup,Other Stages,3500000.0,Bengaluru,The aim of making good water affordable and accessible.,2021
Kutumb,Community Platform,Mid Stage,26000000.0,Bengaluru,Kutumb is a social community enabler.,2021
CoffeeMug.ai,Networking,Early Stage,620000.0,Delhi,"A video first global platform of senior professionals, connecting 1:1, virtually or over coffee, building a powerful, long-lasting relationship.",2021
Lavado,Consumer Service,Other Stages,3500000.0,Mumbai,A startup that is trying to permanently change the way people approach the cleaning and maintenance of their apparel and accessories.,2021
ExtraaEdge,Martech,Other Stages,1000000.0,Pune,Data Science powered - Admission & Marketing CRM Automation for Education Enrolments,2021
Voiro,Advertisement,Other Stages,1800000.0,Bengaluru,Voiro is the first all-in-one revenue management suite exclusively for ad-led digital publishers across media.,2021
Instoried,Content Creation,Other Stages,3500000.0,Bengaluru,Instoried is an augmented writing platform which improves customer interest and engagement.,2021
Homingos,Augmented Reality,Other Stages,3500000.0,Bengaluru,Homingos is an Augmented reality (AR)-based social networking platform.,2021
Purplle,Beauty Products,Other Stages,45000000.0,Mumbai,"Purplle is an online store selling cosmetics, fragrances, skin, and hair care products.",2021
Say Cheese,Femtech,Early Stage,1000000.0,Mumbai,"Say Cheese is the first holistic women-happiness platform in India, focused to increase the happiness of women through personalized solutions",2021
Indic Inspirations,Cultural,Other Stages,300000.0,Pune,"Indian Souvenirs online that reflect Indian tradition, culture & stories. Best for personal gifting and corporate gifting.",2021
Captain Fresh,Supply Chain Platform,Early Stage,3000000.0,Bengaluru,Captain Fresh is a freshwater fish and seafood supply chain platform.,2021
Qoohoo,Social Platform,Early Stage,800000.0,Bengaluru,A platform for creators to build immersive connections with their fans and followers and monetize them.,2021
Reccy Adventures,Sports Startup,Early Stage,400000.0,Gurugram,Reccy Adventures is an adventure sports startup.,2021
Betterhalf.ai,Matrimony,Other Stages,3000000.0,Bengaluru,India’s first and only matrimony app without parents. 10L verified profiles 20L matches 50K relationships 3K marriages,2021
Polygon,Crypto,Other Stages,3500000.0,Mumbai,Polygon is a blockchain scalability platform.,2021
Mensa Brands,Clothing,Mid Stage,50000000.0,Bengaluru,"Mensa scales brands leveraging its expertise in ecommerce, technology, marketing, category management & demand planning.",2021
Thingsup,Iot Platform,Other Stages,1000000.0,Pune,Thingsup is an Enterprise Grade IoT Platform.,2021
Kiko Live,Commerce,Other Stages,1000000.0,Gurugram,Video-based social commerce startup,2021
SatSure,Defense & Space,Other Stages,3500000.0,Bengaluru,SatSure is an innovative decision analytics company,2021
Prodo,Business Supplies & Equipment,Early Stage,300000.0,Delhi,"Prodo is an e-commerce platform that provides manufacturing of made-to-order, readymade and white labeled consumables for medium and large enterprises.",2021
Lysto,Nft,Early Stage,3000000.0,Bengaluru,"Lysto is building APIs, Tools & Infrastructure to enable the creation & distribution of NFTs across platforms with a few clicks or few lines of code.",2021
Buyofuel,Oil & Energy,Early Stage,100000.0,Coimbatore,Green Fuels Marketplace,2021
Doola,Company-As-A-Service,Other Stages,3000000.0,New York,The ultimate One-Stop-Shop™? to help US and Non-US Founders to turn an idea into their dream US Business,2021
Bombay Hemp Company,Textiles,Other Stages,2000000.0,Mumbai,"BOHECO was founded to research on and promote industrial hemp, the super crop of our era in India. BOHECO was formally registered under The Companies Act",2021
GENLEAP,Professional Training & Coaching,Early Stage,8000000.0,Haryana,GenLeap is India’s first self-discovery and career lifecycle management platform.,2021
Planys,Maritime,Other Stages,1600000.0,Chennai,Planys is an Indian deep tech start-up creating a paradigm shift in the underwater inspection industry.,2021
Homversity,Housing Marketplace,Other Stages,155000.0,Ahmedabad,Homversity is the digital ecosystem that aims to support the 93 BN USD student housing & Co-living industry in India.,2021
Rentomojo,Furniture Rental,Other Stages,10000000.0,Bengaluru,"Furniture, appliances, electronics, and fitness products on monthly rental subscriptions.",2021
Ozonetel,Telecommunications,Mid Stage,5000000.0,Hyderabad,Ozonetel is leading Cloud Telephony solution provider.,2021
Trica,Equity Management,Early Stage,3000000.0,Mumbai,Powering private markets - A technology platform for startups and investors.,2021
leap.club,Community,Other Stages,810000.0,Gurugram,A community-led professional network for women,2021
ForeignAdmits,Higher Education,Early Stage,400000.0,Bengaluru,“foreignadmits” aims at addressing one of the biggest problems of personalized mentoring for students aiming to pursue higher education and eventually become an expert in their desired discipline of study.,2021
Zetwerk,Mechanical Or Industrial Engineering,Other Stages,600000000.0,Bengaluru,ZETWERK is a universal manufacturing network powered by new-age technology.,2021
Melorra,D2C Jewellery,Other Stages,24000000.0,Bengaluru,A company that styles jewellery for the contemporary wardrobe.,2021
AnKa SumMor,Sales And Distribution,Other Stages,1000000.0,Bengaluru,"AnKa SumMor is the service that allows businesses to focus on building their brands, while they provide Supply & Distribution expertise.",2021
Devnagri,Translation & Localization,Early Stage,600000.0,Noida,"Devnagri is an AI powered human translation platform, working in all 22 Indian languages.",2021
MergerDomo,Investment Banking,Other Stages,500000.0,Delhi,MergerDomo is the one-stop Global OnLine M&A marketplace for Corporate and Business Growth,2021
CHUPPS,Foootwear,Other Stages,1100000.0,Mumbai,D2C footwear brand,2021
Vakilsearch,Legal Services,Other Stages,10000000.0,Chennai,"India's largest Legal, Compliance & Tax services platform, and trusted partner in making legal simple!",2021
Sanctum Wealth,Investment Management,Other Stages,10000000.0,Mumbai,Sanctum is an Indian wealth management firm which has acquired RBS India’s Private Banking business.,2021
PredictiVu,Management Consulting,Early Stage,1500000.0,Gurugram,"PredictiVu's AI-enabled dashboard integrated with India's largest, proprietary, weekly consumer purchase data, market intelligence and web insights",2021
Bijnis,B2B Startup,Other Stages,30000000.0,Delhi,Bijnis is revolutionizing the way manufacturers operate and scale their factories by digitizing their Demand/Supply/Captial/Operations.,2021
Design Cafe,Design,Mid Stage,25000000.0,Bengaluru,Design Cafe is on a mission to democratize good design for homes in India.,2021
TravClan,B2B Travel,Other Stages,2200000.0,Delhi,A mission to solve a genuine problem faced by millions of travel entrepreneurs across the world.,2021
AppsForBharat,Product Studio,Mid Stage,10000000.0,Bengaluru,"A mission to assist a billion Indians in their spiritual journey, through a range of products & services",2021
TechEagle,Aviation & Aerospace,Early Stage,500000.0,Gurugram,"Safe, secure & reliable On-Demand Drone delivery network for medical, parcel & essential items",2021
Gigforce,Staffing & Recruiting,Other Stages,3000000.0,Gurugram,A gig/on-demand staffing company.,2021
